Designator,Footprint,Quantity,Value,LCSC Part #
"C1, C3",0402,2,1uF,C52923
"C10, C19, C2, C20, C22, C24, C26, C28, C4, C6, C8",0402,11,100nF,C307331
"C11, C21, C23, C25, C27, C5, C7, C9",0402,8,470nF,C47339
C12,0805,1,22uF,C5674
"C13, C14, C15, C18",0603,4,100nF,C14663
"C16, C17",0603,2,10uF,C19702
"D1, D10, D11, D12, D13, D14, D15, D16, D17, D18, D19, D2, D20, D21, D22, D23, D24, D25, D26, D27, D28, D29, D3, D30, D31, D32, D33, D34, D35, D36, D37, D38, D39, D4, D40, D41, D42, D43, D44, D45, D46, D47, D48, D49, D5, D50, D51, D52, D53, D54, D55, D56, D57, D58, D59, D6, D60, D61, D62, D63, D64, D65, D66, D67, D68, D69, D7, D70, D71, D72, D73, D74, D75, D76, D77, D78, D79, D8, D80, D81, D82, D83, D84, D9, RD1",D_SOD-123,85,D,C33221
"DT1, DT2, DT3, DT4, DT5, DT6, DT7, DT8, DT9, DW1, DW10, DW11, DW12, DW13, DW14, DW15, DW16, DW17, DW18, DW19, DW2, DW20, DW21, DW22, DW23, DW24, DW25, DW26, DW27, DW28, DW29, DW3, DW30, DW31, DW32, DW33, DW34, DW35, DW36, DW37, DW38, DW39, DW4, DW40, DW41, DW42, DW43, DW44, DW45, DW46, DW47, DW48, DW49, DW5, DW50, DW51, DW52, DW53, DW54, DW55, DW56, DW57, DW58, DW59, DW6, DW60, DW61, DW62, DW63, DW64, DW65, DW66, DW67, DW68, DW69, DW7, DW70, DW71, DW72, DW73, DW74, DW75, DW76, DW77, DW78, DW79, DW8, DW80, DW81, DW82, DW83, DW84, DW9",0603,93,WHITE,C2290
J1,USB_C_Receptacle_HRO_TYPE-C-31-M-12,1,USB_C_Receptacle_USB2.0,C165948
J2,PinSocket_1x14_P2.54mm_Vertical,1,Conn_01x14,DNP
MK1,InvenSense_ICS-43434-6_3.5x2.65mm,1,ICS-43434,C5656610
"MX1, MX10, MX11, MX12, MX13, MX14, MX15, MX16, MX17, MX18, MX19, MX2, MX20, MX21, MX22, MX23, MX24, MX25, MX26, MX27, MX28, MX29, MX3, MX30, MX31, MX33, MX34, MX35, MX36, MX37, MX38, MX39, MX4, MX40, MX41, MX42, MX43, MX44, MX46, MX48, MX49, MX5, MX50, MX51, MX52, MX53, MX54, MX55, MX56, MX57, MX58, MX59, MX6, MX60, MX61, MX62, MX63, MX64, MX65, MX66, MX67, MX68, MX69, MX7, MX70, MX71, MX73, MX74, MX78, MX79, MX8, MX80, MX81, MX82, MX83, MX84, MX9",SW_MX_HS_CPG151101S11_1u,77,MX_SW_HS,C41430893
"MX32, MX45",SW_MX_HS_CPG151101S11_1.5u,2,MX_SW_HS,C41430893
"MX47, MX72",SW_MX_HS_CPG151101S11_1.75u,2,MX_SW_HS,C41430893
"MX75, MX76, MX77",SW_MX_HS_CPG151101S11_1.25u,3,MX_SW_HS,C41430893
"R1, R11, R7",0402,3,100K,C25741
"R10, R3, R4, R9",0402,4,10k,C173683
"R12, R2",0402,2,47K,C25792
"R5, R6",0402,2,5.1k,C25905
R8,0402,1,20K,C25765
"RN1, RN5, RN6",R_Array_Convex_4x0402,3,10K,C25725
"RST1, RST2",SW_SPST_SKQG_WithStem,2,SW,C5140332
S1,STAB_MX_P_2u,1,MX_stab,DNP
"S10, S12, S13, S5, S6, S7, S8, S9",SW_SKRPACE010,8,SKRPACE010,C139797
S11,B3SL1002P,1,B3SL-1002P,C306880
"S2, S3",STAB_MX_P_2.25u,2,MX_stab,DNP
S4,STAB_MX_P_6.25u,1,MX_stab,DNP
SW1,SW-TH_EC11XXXXXXXX,1,EC11E18244AU,C202365
"U1, U2",WQFN-24-1EP_4x4mm_P0.5mm_EP2.45x2.45mm,2,TCA8418RTWR,C138713
"U3, U7",QFN-48-1EP_6x6mm_P0.4mm_EP4.2x4.2mm,2,IS31FL3733B-QFLS4-TR,C5362338
U4,WIRELM-SMD_ESP32-S3-WROOM-1,1,ESP32-S3-WROOM-1,C2913202
U5,WSON-6-1EP_2x2mm_P0.65mm_EP1x1.6mm,1,TLV75901PDRVR,C544759
U6,SOT-23-6,1,USBLC6-2SC6,C7519
