Designator,Mid X,Mid Y,Rotation,Layer
C1,241.895362,-221.421681,180.0,bottom
C10,381.065362,-161.301681,0.0,bottom
C11,381.085362,-162.361681,0.0,bottom
C12,422.585362,-110.051681,90.0,bottom
C13,420.725362,-110.074181,90.0,bottom
C14,394.365362,-113.854181,90.0,bottom
C15,438.665362,-113.569181,90.0,bottom
C16,442.720362,-112.549181,0.0,bottom
C17,442.745362,-118.494181,0.0,bottom
C18,442.770362,-117.009181,0.0,bottom
C19,403.015362,-230.691681,90.0,bottom
C2,241.885362,-220.311681,180.0,bottom
C20,417.265362,-230.841681,90.0,bottom
C21,424.135362,-163.261681,0.0,bottom
C22,424.125362,-164.301681,0.0,bottom
C23,419.615362,-159.891681,270.0,bottom
C24,420.715362,-159.891681,270.0,bottom
C25,422.455362,-153.631681,90.0,bottom
C26,423.535362,-153.631681,90.0,bottom
C27,424.575362,-153.641681,90.0,bottom
C28,422.805362,-229.651681,0.0,bottom
C3,390.715362,-219.581681,90.0,bottom
C4,389.675362,-219.581681,90.0,bottom
C5,387.625362,-165.491681,180.0,bottom
C6,387.645362,-164.421681,180.0,bottom
C7,392.025362,-159.391681,90.0,bottom
C8,393.125362,-159.391681,90.0,bottom
C9,381.075362,-160.261681,0.0,bottom
D1,92.289112,-132.221681,270.0,bottom
D10,263.739112,-132.221681,270.0,bottom
D11,282.789112,-132.221681,270.0,bottom
D12,301.839112,-132.221681,270.0,bottom
D13,320.889112,-132.221681,270.0,bottom
D14,339.939112,-132.221681,270.0,bottom
D15,358.989112,-132.221681,270.0,bottom
D16,378.039112,-132.221681,270.0,bottom
D17,92.289112,-151.271681,270.0,bottom
D18,111.339112,-151.271681,270.0,bottom
D19,130.389112,-151.271681,270.0,bottom
D2,111.339112,-132.221681,270.0,bottom
D20,149.439112,-151.271681,270.0,bottom
D21,168.489112,-151.271681,270.0,bottom
D22,187.539112,-151.271681,270.0,bottom
D23,206.589112,-151.271681,270.0,bottom
D24,225.639112,-151.271681,270.0,bottom
D25,244.689112,-151.271681,270.0,bottom
D26,263.739112,-151.271681,270.0,bottom
D27,282.789112,-151.271681,270.0,bottom
D28,301.839112,-151.271681,270.0,bottom
D29,320.889112,-151.271681,270.0,bottom
D3,130.389112,-132.221681,270.0,bottom
D30,346.965362,-151.309181,270.0,bottom
D31,378.039112,-151.271681,270.0,bottom
D32,97.051612,-170.321681,270.0,bottom
D33,120.864112,-170.321681,270.0,bottom
D34,139.914112,-170.321681,270.0,bottom
D35,158.964112,-170.321681,270.0,bottom
D36,178.014112,-170.321681,270.0,bottom
D37,197.064112,-170.321681,270.0,bottom
D38,216.114112,-170.321681,270.0,bottom
D39,235.164112,-170.321681,270.0,bottom
D4,149.439112,-132.221681,270.0,bottom
D40,254.214112,-170.321681,270.0,bottom
D41,273.264112,-170.321681,270.0,bottom
D42,292.314112,-170.321681,270.0,bottom
D43,311.364112,-170.321681,270.0,bottom
D44,330.414112,-170.321681,270.0,bottom
D45,354.226612,-170.321681,270.0,bottom
D46,378.039112,-170.321681,270.0,bottom
D47,99.432862,-189.371681,270.0,bottom
D48,125.626612,-189.371681,270.0,bottom
D49,144.676612,-189.371681,270.0,bottom
D5,168.489112,-132.221681,270.0,bottom
D50,163.726612,-189.371681,270.0,bottom
D51,182.776612,-189.371681,270.0,bottom
D52,201.826612,-189.371681,270.0,bottom
D53,220.876612,-189.371681,270.0,bottom
D54,239.926612,-189.371681,270.0,bottom
D55,258.976612,-189.371681,270.0,bottom
D56,278.026612,-189.371681,270.0,bottom
D57,297.076612,-189.371681,270.0,bottom
D58,316.126612,-189.371681,270.0,bottom
D59,344.445362,-189.249181,270.0,bottom
D6,187.539112,-132.221681,270.0,bottom
D60,378.039112,-189.371681,270.0,bottom
D61,101.525362,-208.309181,270.0,bottom
D62,135.151612,-208.421681,270.0,bottom
D63,154.201612,-208.421681,270.0,bottom
D64,173.251612,-208.421681,270.0,bottom
D65,192.301612,-208.421681,270.0,bottom
D66,211.351612,-208.421681,270.0,bottom
D67,230.401612,-208.421681,270.0,bottom
D68,249.451612,-208.421681,270.0,bottom
D69,268.501612,-208.421681,270.0,bottom
D7,206.589112,-132.221681,270.0,bottom
D70,287.551612,-208.421681,270.0,bottom
D71,306.601612,-208.421681,270.0,bottom
D72,332.795362,-208.421681,270.0,bottom
D73,358.989112,-208.421681,270.0,bottom
D74,378.039112,-208.421681,270.0,bottom
D75,94.670362,-227.471681,270.0,bottom
D76,118.482862,-227.471681,270.0,bottom
D77,142.295362,-227.471681,270.0,bottom
D78,213.732862,-227.471681,270.0,bottom
D79,282.789112,-227.471681,270.0,bottom
D8,225.639112,-132.221681,270.0,bottom
D80,301.839112,-227.471681,270.0,bottom
D81,320.889112,-227.471681,270.0,bottom
D82,339.939112,-227.471681,270.0,bottom
D83,358.989112,-227.471681,270.0,bottom
D84,378.039112,-227.471681,270.0,bottom
D9,244.689112,-132.221681,270.0,bottom
DT1,408.924362,-171.651681,180.0,top
DT2,428.111362,-171.651681,180.0,top
DT3,447.298362,-171.651681,180.0,top
DT4,408.924362,-190.151681,180.0,top
DT5,428.111362,-190.151681,180.0,top
DT6,447.298362,-190.151681,180.0,top
DT7,447.952612,-216.865428,180.0,top
DT8,466.485362,-171.651681,180.0,top
DT9,466.485362,-190.151681,180.0,top
DW1,83.972862,-132.69168,180.0,top
DW10,255.422862,-132.69168,180.0,top
DW11,274.472862,-132.69168,180.0,top
DW12,293.522862,-132.69168,180.0,top
DW13,312.572862,-132.69168,180.0,top
DW14,331.622862,-132.69168,180.0,top
DW15,350.672862,-132.69168,180.0,top
DW16,369.722862,-132.69168,180.0,top
DW17,83.972862,-151.74168,180.0,top
DW18,103.022862,-151.74168,180.0,top
DW19,122.072862,-151.74168,180.0,top
DW2,103.022862,-132.69168,180.0,top
DW20,141.122862,-151.74168,180.0,top
DW21,160.172862,-151.74168,180.0,top
DW22,179.222862,-151.74168,180.0,top
DW23,198.272862,-151.74168,180.0,top
DW24,217.322862,-151.74168,180.0,top
DW25,236.372862,-151.74168,180.0,top
DW26,255.422862,-151.74168,180.0,top
DW27,274.472862,-151.74168,180.0,top
DW28,293.522862,-151.74168,180.0,top
DW29,312.572862,-151.74168,180.0,top
DW3,122.072862,-132.69168,180.0,top
DW30,341.147862,-151.74168,180.0,top
DW31,369.722862,-151.74168,180.0,top
DW32,88.735362,-170.79168,180.0,top
DW33,112.547862,-170.79168,180.0,top
DW34,131.597862,-170.79168,180.0,top
DW35,150.647862,-170.79168,180.0,top
DW36,169.697862,-170.79168,180.0,top
DW37,188.747862,-170.79168,180.0,top
DW38,207.797862,-170.79168,180.0,top
DW39,226.847862,-170.79168,180.0,top
DW4,141.122862,-132.69168,180.0,top
DW40,245.897862,-170.79168,180.0,top
DW41,264.947862,-170.79168,180.0,top
DW42,283.997862,-170.79168,180.0,top
DW43,303.047862,-170.79168,180.0,top
DW44,322.097862,-170.79168,180.0,top
DW45,345.910362,-170.79168,180.0,top
DW46,369.722862,-170.79168,180.0,top
DW47,91.116612,-189.84168,180.0,top
DW48,117.310362,-189.84168,180.0,top
DW49,136.360362,-189.84168,180.0,top
DW5,160.172862,-132.69168,180.0,top
DW50,155.410362,-189.84168,180.0,top
DW51,174.460362,-189.84168,180.0,top
DW52,193.510362,-189.84168,180.0,top
DW53,212.560362,-189.84168,180.0,top
DW54,231.610362,-189.84168,180.0,top
DW55,250.660362,-189.84168,180.0,top
DW56,269.710362,-189.84168,180.0,top
DW57,288.760362,-189.84168,180.0,top
DW58,307.810362,-189.84168,180.0,top
DW59,338.766612,-189.84168,180.0,top
DW6,179.222862,-132.69168,180.0,top
DW60,369.722862,-189.84168,180.0,top
DW61,95.879112,-208.89168,180.0,top
DW62,126.835362,-208.89168,180.0,top
DW63,145.885362,-208.89168,180.0,top
DW64,164.935362,-208.89168,180.0,top
DW65,183.985362,-208.89168,180.0,top
DW66,203.035362,-208.89168,180.0,top
DW67,222.085362,-208.89168,180.0,top
DW68,241.135362,-208.89168,180.0,top
DW69,260.185362,-208.89168,180.0,top
DW7,198.272862,-132.69168,180.0,top
DW70,279.235362,-208.89168,180.0,top
DW71,298.285362,-208.89168,180.0,top
DW72,324.479112,-208.89168,180.0,top
DW73,350.672862,-208.89168,180.0,top
DW74,369.722862,-208.89168,180.0,top
DW75,86.354112,-227.94168,180.0,top
DW76,110.166612,-227.94168,180.0,top
DW77,133.979112,-227.94168,180.0,top
DW78,205.416612,-227.94168,180.0,top
DW79,274.472862,-227.94168,180.0,top
DW8,217.322862,-132.69168,180.0,top
DW80,293.522862,-227.94168,180.0,top
DW81,312.572862,-227.94168,0.0,top
DW82,331.622862,-227.94168,180.0,top
DW83,350.672862,-227.94168,180.0,top
DW84,369.722862,-227.94168,180.0,top
DW9,236.372862,-132.69168,180.0,top
H10,276.976522,-240.390128,0.0,bottom
H11,75.034573,-175.339371,0.0,bottom
H12,76.808556,-240.390128,0.0,bottom
H13,413.602088,-167.734955,0.0,top
H2,331.201169,-110.089821,0.0,bottom
H3,226.93453,-110.089821,0.0,bottom
H5,122.667892,-110.189821,0.0,bottom
H6,176.892539,-240.390128,0.0,bottom
H7,477.144488,-240.390128,0.0,bottom
H8,377.060505,-240.390128,0.0,bottom
H9,477.144488,-175.239974,0.0,bottom
J1,450.145362,-104.279181,180.0,bottom
MK1,424.185362,-232.224181,0.0,bottom
MX1,84.049112,-127.614181,0.0,bottom
MX10,255.499112,-127.614181,0.0,bottom
MX11,274.549112,-127.614181,0.0,bottom
MX12,293.599112,-127.614181,0.0,bottom
MX13,312.649112,-127.614181,0.0,bottom
MX14,331.699112,-127.614181,0.0,bottom
MX15,350.749112,-127.614181,0.0,bottom
MX16,369.799112,-127.614181,0.0,bottom
MX17,84.049112,-146.664181,0.0,bottom
MX18,103.099112,-146.664181,0.0,bottom
MX19,122.149112,-146.664181,0.0,bottom
MX2,103.099112,-127.614181,0.0,bottom
MX20,141.199112,-146.664181,0.0,bottom
MX21,160.249112,-146.664181,0.0,bottom
MX22,179.299112,-146.664181,0.0,bottom
MX23,198.349112,-146.664181,0.0,bottom
MX24,217.399112,-146.664181,0.0,bottom
MX25,236.449112,-146.664181,0.0,bottom
MX26,255.499112,-146.664181,0.0,bottom
MX27,274.549112,-146.664181,0.0,bottom
MX28,293.599112,-146.664181,0.0,bottom
MX29,312.649112,-146.664181,0.0,bottom
MX3,122.149112,-127.614181,0.0,bottom
MX30,341.224112,-146.664181,0.0,bottom
MX31,369.799112,-146.664181,0.0,bottom
MX32,88.811612,-165.714181,0.0,bottom
MX33,112.624112,-165.714181,0.0,bottom
MX34,131.674112,-165.714181,0.0,bottom
MX35,150.724112,-165.714181,0.0,bottom
MX36,169.774112,-165.714181,0.0,bottom
MX37,188.824112,-165.714181,0.0,bottom
MX38,207.874112,-165.714181,0.0,bottom
MX39,226.924112,-165.714181,0.0,bottom
MX4,141.199112,-127.614181,0.0,bottom
MX40,245.974112,-165.714181,0.0,bottom
MX41,265.024112,-165.714181,0.0,bottom
MX42,284.074112,-165.714181,0.0,bottom
MX43,303.124112,-165.714181,0.0,bottom
MX44,322.174112,-165.714181,0.0,bottom
MX45,345.986612,-165.714181,0.0,bottom
MX46,369.799112,-165.714181,0.0,bottom
MX47,91.192862,-184.764181,0.0,bottom
MX48,117.386612,-184.764181,0.0,bottom
MX49,136.436612,-184.764181,0.0,bottom
MX5,160.249112,-127.614181,0.0,bottom
MX50,155.486612,-184.764181,0.0,bottom
MX51,174.536612,-184.764181,0.0,bottom
MX52,193.586612,-184.764181,0.0,bottom
MX53,212.636612,-184.764181,0.0,bottom
MX54,231.686612,-184.764181,0.0,bottom
MX55,250.736612,-184.764181,0.0,bottom
MX56,269.786612,-184.764181,0.0,bottom
MX57,288.836612,-184.764181,0.0,bottom
MX58,307.886612,-184.764181,0.0,bottom
MX59,338.842862,-184.764181,0.0,bottom
MX6,179.299112,-127.614181,0.0,bottom
MX60,369.799112,-184.764181,0.0,bottom
MX61,95.955362,-203.814181,0.0,bottom
MX62,126.911612,-203.814181,0.0,bottom
MX63,145.961612,-203.814181,0.0,bottom
MX64,165.011612,-203.814181,0.0,bottom
MX65,184.061612,-203.814181,0.0,bottom
MX66,203.111612,-203.814181,0.0,bottom
MX67,222.161612,-203.814181,0.0,bottom
MX68,241.211612,-203.814181,0.0,bottom
MX69,260.261612,-203.814181,0.0,bottom
MX7,198.349112,-127.614181,0.0,bottom
MX70,279.311612,-203.814181,0.0,bottom
MX71,298.361612,-203.814181,0.0,bottom
MX72,324.555362,-203.814181,0.0,bottom
MX73,350.749112,-203.814181,0.0,bottom
MX74,369.799112,-203.814181,0.0,bottom
MX75,86.430362,-222.864181,0.0,bottom
MX76,110.242862,-222.864181,0.0,bottom
MX77,134.055362,-222.864181,0.0,bottom
MX78,205.492862,-222.864181,0.0,bottom
MX79,274.549112,-222.864181,0.0,bottom
MX8,217.399112,-127.614181,0.0,bottom
MX80,293.599112,-222.864181,0.0,bottom
MX81,312.649112,-222.864181,0.0,bottom
MX82,331.699112,-222.864181,0.0,bottom
MX83,350.749112,-222.864181,0.0,bottom
MX84,369.799112,-222.864181,0.0,bottom
MX9,236.449112,-127.614181,0.0,bottom
R1,381.935362,-157.001681,90.0,bottom
R10,418.435362,-230.811681,270.0,bottom
R11,427.785362,-153.351681,90.0,bottom
R12,420.485362,-157.011681,0.0,bottom
R2,384.505362,-164.251681,270.0,bottom
R3,392.115362,-116.659181,90.0,bottom
R4,436.635362,-116.389181,90.0,bottom
R5,448.905362,-110.809181,270.0,bottom
R6,451.915362,-111.156681,270.0,bottom
R7,440.570362,-116.709181,90.0,bottom
R8,440.550362,-114.729181,90.0,bottom
R9,401.885362,-230.741681,270.0,bottom
RD1,407.375362,-212.601681,90.0,bottom
RN1,241.085362,-223.731681,90.0,bottom
RN5,394.755362,-222.611681,90.0,bottom
RN6,386.455362,-223.391681,270.0,bottom
RST1,389.005362,-112.759181,0.0,bottom
RST2,433.545362,-112.459181,0.0,bottom
S1,341.221612,-146.014731,180.0,bottom
S10,440.298362,-178.651681,0.0,top
S11,447.605362,-224.251681,0.0,top
S12,459.485362,-178.651681,0.0,top
S13,459.485362,-197.151681,0.0,top
S2,338.861612,-184.114731,180.0,bottom
S3,95.951612,-203.194731,180.0,bottom
S4,205.501612,-222.244731,180.0,bottom
S5,440.298362,-197.151681,0.0,top
S6,401.935362,-178.651681,0.0,top
S7,401.935362,-197.151681,0.0,top
S8,421.111362,-178.651681,0.0,top
S9,421.111362,-197.151681,0.0,top
SW1,409.905612,-223.882603,0.0,top
U1,237.255362,-221.384181,90.0,bottom
U2,390.485362,-224.109181,0.0,bottom
U3,386.305362,-159.291681,0.0,bottom
U4,409.935362,-118.426681,0.0,bottom
U5,442.850362,-114.816681,90.0,bottom
U6,450.565362,-114.871681,90.0,bottom
U7,425.505362,-158.811681,90.0,bottom
